id,dataset,category
999/00000,thuman,0
999/00001,thuman,0
999/00002,thuman,0
999/00003,thuman,0
999/00004,thuman,0
999/00005,thuman,0
999/00006,thuman,0
999/00007,thuman,0
999/00008,thuman,0
999/00009,thuman,0
999/00010,thuman,0
999/00011,thuman,0
999/00012,thuman,0
999/00013,thuman,0
999/00014,thuman,0
999/00015,thuman,0
999/00016,thuman,0
999/00017,thuman,0
999/00018,thuman,0
999/00019,thuman,0
999/00020,thuman,0
999/00021,thuman,0
999/00022,thuman,0
999/00023,thuman,0
999/00024,thuman,0
999/00025,thuman,0
999/00026,thuman,0
999/00027,thuman,0
999/00028,thuman,0
999/00029,thuman,0
999/00030,thuman,0
999/00031,thuman,0
999/00032,thuman,0
999/00033,thuman,0
999/00034,thuman,0
999/00035,thuman,0
999/00036,thuman,0
999/00037,thuman,0
999/00038,thuman,0
999/00039,thuman,0
999/00040,thuman,0
999/00041,thuman,0
999/00042,thuman,0
999/00043,thuman,0
999/00044,thuman,0
999/00045,thuman,0
999/00046,thuman,0
999/00047,thuman,0
999/00048,thuman,0
999/00049,thuman,0
999/00050,thuman,0
999/00051,thuman,0
999/00052,thuman,0
999/00053,thuman,0
999/00054,thuman,0
999/00055,thuman,0
999/00056,thuman,0
999/00057,thuman,0
999/00058,thuman,0
999/00059,thuman,0
999/00060,thuman,0
999/00061,thuman,0
999/00062,thuman,0
999/00063,thuman,0
999/00064,thuman,0
999/00065,thuman,0
999/00066,thuman,0
999/00067,thuman,0
999/00068,thuman,0
999/00069,thuman,0
999/00070,thuman,0
999/00071,thuman,0
999/00072,thuman,0
999/00073,thuman,0
999/00074,thuman,0
999/00075,thuman,0
999/00076,thuman,0
999/00077,thuman,0
999/00078,thuman,0
999/00079,thuman,0
999/00080,thuman,0
999/00081,thuman,0
999/00082,thuman,0
999/00083,thuman,0
999/00084,thuman,0
999/00085,thuman,0
999/00086,thuman,0
999/00087,thuman,0
999/00088,thuman,0
999/00089,thuman,0
999/00090,thuman,0
999/00091,thuman,0
999/00092,thuman,0
999/00093,thuman,0
999/00094,thuman,0
999/00095,thuman,0
999/00096,thuman,0
999/00097,thuman,0
999/00098,thuman,0
999/00099,thuman,0
999/00100,thuman,0
999/00101,thuman,0
999/00102,thuman,0
999/00103,thuman,0
999/00104,thuman,0
999/00105,thuman,0
999/00106,thuman,0
999/00107,thuman,0
999/00108,thuman,0
999/00109,thuman,0
999/00110,thuman,0
999/00111,thuman,0
999/00112,thuman,0
999/00113,thuman,0
999/00114,thuman,0
999/00115,thuman,0
999/00116,thuman,0
999/00117,thuman,0
999/00118,thuman,0
999/00119,thuman,0
999/00120,thuman,0
999/00121,thuman,0
999/00122,thuman,0
999/00123,thuman,0
999/00124,thuman,0
999/00125,thuman,0
999/00126,thuman,0
999/00127,thuman,0
999/00128,thuman,0
999/00129,thuman,0
999/00130,thuman,0
999/00131,thuman,0
999/00132,thuman,0
999/00133,thuman,0
999/00134,thuman,0
999/00135,thuman,0
999/00136,thuman,0
999/00137,thuman,0
999/00138,thuman,0
999/00139,thuman,0
999/00140,thuman,0
999/00141,thuman,0
999/00142,thuman,0
999/00143,thuman,0
999/00144,thuman,0
999/00145,thuman,0
999/00146,thuman,0
999/00147,thuman,0
999/00148,thuman,0
999/00149,thuman,0
999/00150,thuman,0
999/00151,thuman,0
999/00152,thuman,0
999/00153,thuman,0
999/00154,thuman,0
999/00155,thuman,0
999/00156,thuman,0
999/00157,thuman,0
999/00158,thuman,0
999/00159,thuman,0
999/00160,thuman,0
999/00161,thuman,0
999/00162,thuman,0
999/00163,thuman,0
999/00164,thuman,0
999/00165,thuman,0
999/00166,thuman,0
999/00167,thuman,0
999/00168,thuman,0
999/00169,thuman,0
999/00170,thuman,0
999/00171,thuman,0
999/00172,thuman,0
999/00173,thuman,0
999/00174,thuman,0
999/00175,thuman,0
999/00176,thuman,0
999/00177,thuman,0
999/00178,thuman,0
999/00179,thuman,0
999/00180,thuman,0
999/00181,thuman,0
999/00182,thuman,0
999/00183,thuman,0
999/00184,thuman,0
999/00185,thuman,0
999/00186,thuman,0
999/00187,thuman,0
999/00188,thuman,0
999/00189,thuman,0
999/00190,thuman,0
999/00191,thuman,0
999/00192,thuman,0
999/00193,thuman,0
999/00194,thuman,0
999/00195,thuman,0
999/00196,thuman,0
999/00197,thuman,0
999/00198,thuman,0
999/00199,thuman,0
999/00200,thuman,0
999/00201,thuman,0
999/00202,thuman,0
999/00203,thuman,0
999/00204,thuman,0
999/00205,thuman,0
999/00206,thuman,0
999/00207,thuman,0
999/00208,thuman,0
999/00209,thuman,0
999/00210,thuman,0
999/00211,thuman,0
999/00212,thuman,0
999/00213,thuman,0
999/00214,thuman,0
999/00215,thuman,0
999/00216,thuman,0
999/00217,thuman,0
999/00218,thuman,0
999/00219,thuman,0
999/00220,thuman,0
999/00221,thuman,0
999/00222,thuman,0
999/00223,thuman,0
999/00224,thuman,0
999/00225,thuman,0
999/00226,thuman,0
999/00227,thuman,0
999/00228,thuman,0
999/00229,thuman,0
999/00230,thuman,0
999/00231,thuman,0
999/00232,thuman,0
999/00233,thuman,0
999/00234,thuman,0
999/00235,thuman,0
999/00236,thuman,0
999/00237,thuman,0
999/00238,thuman,0
999/00239,thuman,0
999/00240,thuman,0
999/00241,thuman,0
999/00242,thuman,0
999/00243,thuman,0
999/00244,thuman,0
999/00245,thuman,0
999/00246,thuman,0
999/00247,thuman,0
999/00248,thuman,0
999/00249,thuman,0
999/00250,thuman,0
999/00251,thuman,0
999/00252,thuman,0
999/00253,thuman,0
999/00254,thuman,0
999/00255,thuman,0
999/00256,thuman,0
999/00257,thuman,0
999/00258,thuman,0
999/00259,thuman,0
999/00260,thuman,0
999/00261,thuman,0
999/00262,thuman,0
999/00263,thuman,0
999/00264,thuman,0
999/00265,thuman,0
999/00266,thuman,0
999/00267,thuman,0
999/00268,thuman,0
999/00269,thuman,0
999/00270,thuman,0
999/00271,thuman,0
999/00272,thuman,0
999/00273,thuman,0
999/00274,thuman,0
999/00275,thuman,0
999/00276,thuman,0
999/00277,thuman,0
999/00278,thuman,0
999/00279,thuman,0
999/00280,thuman,0
999/00281,thuman,0
999/00282,thuman,0
999/00283,thuman,0
999/00284,thuman,0
999/00285,thuman,0
999/00286,thuman,0
999/00287,thuman,0
999/00288,thuman,0
999/00289,thuman,0
999/00290,thuman,0
999/00291,thuman,0
999/00292,thuman,0
999/00293,thuman,0
999/00294,thuman,0
999/00295,thuman,0
999/00296,thuman,0
999/00297,thuman,0
999/00298,thuman,0
999/00299,thuman,0
999/00300,thuman,0
999/00301,thuman,0
999/00302,thuman,0
999/00303,thuman,0
999/00304,thuman,0
999/00305,thuman,0
999/00306,thuman,0
999/00307,thuman,0
999/00308,thuman,0
999/00309,thuman,0
999/00310,thuman,0
999/00311,thuman,0
999/00312,thuman,0
999/00313,thuman,0
999/00314,thuman,0
999/00315,thuman,0
999/00316,thuman,0
999/00317,thuman,0
999/00318,thuman,0
999/00319,thuman,0
999/00320,thuman,0
999/00321,thuman,0
999/00322,thuman,0
999/00323,thuman,0
999/00324,thuman,0
999/00325,thuman,0
999/00326,thuman,0
999/00327,thuman,0
999/00328,thuman,0
999/00329,thuman,0
999/00330,thuman,0
999/00331,thuman,0
999/00332,thuman,0
999/00333,thuman,0
999/00334,thuman,0
999/00335,thuman,0
999/00336,thuman,0
999/00337,thuman,0
999/00338,thuman,0
999/00339,thuman,0
999/00340,thuman,0
999/00341,thuman,0
999/00342,thuman,0
999/00343,thuman,0
999/00344,thuman,0
999/00345,thuman,0
999/00346,thuman,0
999/00347,thuman,0
999/00348,thuman,0
999/00349,thuman,0
999/00350,thuman,0
999/00351,thuman,0
999/00352,thuman,0
999/00353,thuman,0
999/00354,thuman,0
999/00355,thuman,0
999/00356,thuman,0
999/00357,thuman,0
999/00358,thuman,0
999/00359,thuman,0
999/00360,thuman,0
999/00361,thuman,0
999/00362,thuman,0
999/00363,thuman,0
999/00364,thuman,0
999/00365,thuman,0
999/00366,thuman,0
999/00367,thuman,0
999/00368,thuman,0
999/00369,thuman,0
999/00370,thuman,0
999/00371,thuman,0
999/00372,thuman,0
999/00373,thuman,0
999/00374,thuman,0
999/00375,thuman,0
999/00376,thuman,0
999/00377,thuman,0
999/00378,thuman,0
999/00379,thuman,0
999/00380,thuman,0
999/00381,thuman,0
999/00382,thuman,0
999/00383,thuman,0
999/00384,thuman,0
999/00385,thuman,0
999/00386,thuman,0
999/00387,thuman,0
999/00388,thuman,0
999/00389,thuman,0
999/00390,thuman,0
999/00391,thuman,0
999/00392,thuman,0
999/00393,thuman,0
999/00394,thuman,0
999/00395,thuman,0
999/00396,thuman,0
999/00397,thuman,0
999/00398,thuman,0
999/00399,thuman,0
999/00400,thuman,0
999/00401,thuman,0
999/00402,thuman,0
999/00403,thuman,0
999/00404,thuman,0
999/00405,thuman,0
999/00406,thuman,0
999/00407,thuman,0
999/00408,thuman,0
999/00409,thuman,0
999/00410,thuman,0
999/00411,thuman,0
999/00412,thuman,0
999/00413,thuman,0
999/00414,thuman,0
999/00415,thuman,0
999/00416,thuman,0
999/00417,thuman,0
999/00418,thuman,0
999/00419,thuman,0
999/00420,thuman,0
999/00421,thuman,0
999/00422,thuman,0
999/00423,thuman,0
999/00424,thuman,0
999/00425,thuman,0
999/00426,thuman,0
999/00427,thuman,0
999/00428,thuman,0
999/00429,thuman,0
999/00430,thuman,0
999/00431,thuman,0
999/00432,thuman,0
999/00433,thuman,0
999/00434,thuman,0
999/00435,thuman,0
999/00436,thuman,0
999/00437,thuman,0
999/00438,thuman,0
999/00439,thuman,0
999/00440,thuman,0
999/00441,thuman,0
999/00442,thuman,0
999/00443,thuman,0
999/00444,thuman,0
999/00445,thuman,0
999/00446,thuman,0
999/00447,thuman,0
999/00448,thuman,0
999/00449,thuman,0
999/00450,thuman,0
999/00451,thuman,0
999/00452,thuman,0
999/00453,thuman,0
999/00454,thuman,0
999/00455,thuman,0
999/00456,thuman,0
999/00457,thuman,0
999/00458,thuman,0
999/00459,thuman,0
999/00460,thuman,0
999/00461,thuman,0
999/00462,thuman,0
999/00463,thuman,0
999/00464,thuman,0
999/00465,thuman,0
999/00466,thuman,0
999/00467,thuman,0
999/00468,thuman,0
999/00469,thuman,0
999/00470,thuman,0
999/00471,thuman,0
999/00472,thuman,0
999/00473,thuman,0
999/00474,thuman,0
999/00475,thuman,0
999/00476,thuman,0
999/00477,thuman,0
999/00478,thuman,0
999/00479,thuman,0
999/00480,thuman,0
999/00481,thuman,0
999/00482,thuman,0
999/00483,thuman,0
999/00484,thuman,0
999/00485,thuman,0
999/00486,thuman,0
999/00487,thuman,0
999/00488,thuman,0
999/00489,thuman,0
999/00490,thuman,0
999/00491,thuman,0
999/00492,thuman,0
999/00493,thuman,0
999/00494,thuman,0
999/00495,thuman,0
999/00496,thuman,0
999/00497,thuman,0
999/00498,thuman,0
999/00499,thuman,0
999/00500,thuman,0
999/00501,thuman,0
999/00502,thuman,0
999/00503,thuman,0
999/00504,thuman,0
999/00505,thuman,0
999/00506,thuman,0
999/00507,thuman,0
999/00508,thuman,0
999/00509,thuman,0
999/00510,thuman,0
999/00511,thuman,0
999/00512,thuman,0
999/00513,thuman,0
999/00514,thuman,0
999/00515,thuman,0
999/00516,thuman,0
999/00517,thuman,0
999/00518,thuman,0
999/00519,thuman,0
999/00520,thuman,0
999/00521,thuman,0
999/00522,thuman,0
999/00523,thuman,0
999/00524,thuman,0
999/00525,thuman,0